RK,PLAYER,TEAM,GP,MPG,TO,TOPG,TOP48,AST/TO,STL/TO
1,"Josh Smith, PF",NO,3,4.0,0,0.0,0.0,0.00,0.00
,"Josh McRoberts, PF",DAL,2,3.0,0,0.0,0.0,0.00,0.00
,"Gordon Hayward, SF",BOS,1,5.0,0,0.0,0.0,0.00,0.00
,"Derrick Williams, PF",LAL,2,4.5,0,0.0,0.0,0.00,0.00
,"Xavier Silas, G",BOS,2,3.5,0,0.0,0.0,0.00,0.00
,"Trey McKinney-Jones, SG",IND,1,1.0,0,0.0,0.0,0.00,0.00
,"Reggie Hearn, SG",DET,3,2.3,0,0.0,0.0,0.00,0.00
,"Nate Wolters, PG",UTAH,5,3.8,0,0.0,0.0,0.00,0.00
,"Jarell Eddie, F",BOS/CHI,3,3.0,0,0.0,0.0,0.00,0.00
,"Anthony Brown, F",MIN,1,4.0,0,0.0,0.0,0.00,0.00
RK,PLAYER,TEAM,GP,MPG,TO,TOPG,TOP48,AST/TO,STL/TO
,"Marcus Paige, PG",CHA,5,5.6,0,0.0,0.0,0.00,0.00
,"Naz Mitrou-Long, G",UTAH,1,1.0,0,0.0,0.0,0.00,0.00
,"Mangok Mathiang, PF",CHA,4,5.0,0,0.0,0.0,0.00,0.00
,"Jacob Wiley, SF",BKN,5,6.6,0,0.0,0.0,0.00,0.00
,"Ben Moore, F",IND,2,4.5,0,0.0,0.0,0.00,0.00
,"Edmond Sumner, PG",IND,1,2.0,0,0.0,0.0,0.00,0.00
,"Devin Robinson, SF",WSH,1,13.0,0,0.0,0.0,0.00,0.00
,"Mindaugas Kuzminskas, F",NY,1,2.0,0,0.0,0.0,0.00,0.00
,"Justin Patton, C",MIN,1,4.0,0,0.0,0.0,0.00,0.00
,"Nicolas Brussino, SF",ATL,4,2.5,0,0.0,0.0,0.00,0.00
RK,PLAYER,TEAM,GP,MPG,TO,TOPG,TOP48,AST/TO,STL/TO
,"Tyler Lydon, PF",DEN,1,2.0,0,0.0,0.0,0.00,0.00
,"Chris Boucher, F",GS,1,1.0,0,0.0,0.0,0.00,0.00
,"Tony Bradley, C",UTAH,9,3.2,0,0.0,0.0,0.00,0.00
,"Cole Aldrich, C",MIN,21,2.3,1,0.0,1.0,3.00,2.00
25,"London Perrantes, G",CLE,14,4.7,1,0.1,0.7,5.00,2.00
,"Marcus Georges-Hunt, SG",MIN,42,5.3,3,0.1,0.6,2.33,2.00
,"Charles Cooke, SG",NO,13,2.9,1,0.1,1.3,1.00,1.00
,"Alex Poythress, F",IND,25,4.2,2,0.1,0.9,1.00,1.50
,"Dakari Johnson, C",OKC,31,5.2,3,0.1,0.9,2.67,2.00
,"Chris McCullough, PF",WSH,19,4.7,2,0.1,1.1,2.00,0.00
RK,PLAYER,TEAM,GP,MPG,TO,TOPG,TOP48,AST/TO,STL/TO
,"Derrick Walton Jr., PG",MIA,16,9.2,2,0.1,0.7,8.00,3.50
,"Thomas Bryant, C",LAL,15,4.8,2,0.1,1.3,3.00,0.50
,"Shabazz Muhammad, SG",MIL/MIN,43,9.7,6,0.1,0.7,2.33,1.50
,"Udonis Haslem, PF",MIA,14,5.1,2,0.1,1.3,2.50,0.00
,"Furkan Korkmaz, SG",PHI,14,5.7,2,0.1,1.2,2.00,1.00
,"Jake Layman, SF",POR,35,4.6,5,0.1,1.5,2.20,1.20
37,"Okaro White, F",MIA,6,13.3,1,0.2,0.6,2.00,1.00
,"James Young, SG",PHI,6,10.2,1,0.2,0.8,2.00,0.00
,"Terrance Ferguson, SG",OKC,61,12.5,11,0.2,0.7,1.73,2.18
,"Ike Anigbogu, C",IND,11,2.7,2,0.2,3.2,0.00,0.50
RK,PLAYER,TEAM,GP,MPG,TO,TOPG,TOP48,AST/TO,STL/TO
41,"D.J. Wilson, PF",MIL,22,3.2,4,0.2,2.7,0.75,0.75
,"T.J. Leaf, PF",IND,53,8.6,10,0.2,1.0,0.90,0.50
,"Jeff Withey, C",DAL,10,3.9,2,0.2,2.5,0.00,0.00
,"Milton Doyle, SG",BKN,10,12.5,2,0.2,0.8,5.00,3.00
,"Alec Peters, PF",PHX,20,11.3,4,0.2,0.9,3.00,0.50
,"Lorenzo Brown, PG",TOR,14,9.9,3,0.2,1.0,4.33,1.67
,"Alfonzo McKinnie, F",TOR,14,3.8,3,0.2,2.7,0.33,0.33
,"Rashad Vaughn, G",MIL/BKN/ORL,28,7.6,6,0.2,1.4,2.17,0.83
,"Glenn Robinson III, SG",IND,23,14.7,5,0.2,0.7,3.40,2.60
,"Nigel Hayes, SF",LAL/SAC/TOR,9,13.6,2,0.2,0.8,3.00,1.00
RK,PLAYER,TEAM,GP,MPG,TO,TOPG,TOP48,AST/TO,STL/TO
,"Rodney McGruder, SG",MIA,18,16.6,4,0.2,0.6,4.25,2.00
52,"Erik McCree, SF",UTAH,4,2.0,1,0.3,6.0,0.00,1.00
,"Matt Costello, SF",SA,4,8.0,1,0.3,1.5,2.00,2.00
,"Vince Hunter, SF",MEM,4,1.8,1,0.3,6.9,0.00,0.00
,"Kyle Singler, SF",OKC,12,4.9,3,0.3,2.4,0.67,0.33
,"Richard Jefferson, SF",DEN,20,8.2,5,0.3,1.5,3.00,0.40
,"Damien Wilkins, SG",IND,19,8.0,5,0.3,1.6,1.80,0.40
,"Damian Jones, C",GS,15,5.9,4,0.3,2.2,0.50,0.25
,"Brice Johnson, PF",LAC/MEM,18,5.4,5,0.3,2.4,0.40,1.80
,"Gian Clavell, SG",DAL,7,9.1,2,0.3,1.5,1.50,1.00
RK,PLAYER,TEAM,GP,MPG,TO,TOPG,TOP48,AST/TO,STL/TO
,"Darrun Hilliard, SG",SA,14,6.8,4,0.3,2.0,2.75,0.50
,"Brandan Wright, F",HOU/MEM,28,13.6,8,0.3,1.0,1.63,1.63
,"Larry Drew II, PG",NO/PHI,10,7.0,3,0.3,2.1,3.33,0.00
,"Meyers Leonard, C",POR,33,7.7,10,0.3,1.9,1.70,0.70
,"Julyan Stone, G",CHA,23,7.6,7,0.3,1.9,3.71,0.57
,"Gary Payton II, PG",LAL/MIL,23,9.6,7,0.3,1.5,3.00,1.00
,"Langston Galloway, SG",DET,58,14.9,18,0.3,1.0,3.22,1.94
,"Ekpe Udoh, C",UTAH,63,12.9,20,0.3,1.2,2.65,2.15
,"Lucas Nogueira, C",TOR,49,8.5,16,0.3,1.8,1.38,1.44
,"Jacob Pullen, PG",PHI,3,2.0,1,0.3,8.0,0.00,0.00
RK,PLAYER,TEAM,GP,MPG,TO,TOPG,TOP48,AST/TO,STL/TO
,"David Stockton, PG",UTAH,3,3.0,1,0.3,5.3,0.00,0.00
,"James Michael McAdoo, SF",PHI,3,6.0,1,0.3,2.7,0.00,0.00
,"Jameel Warney, PF",DAL,3,9.0,1,0.3,1.8,0.00,0.00
,"Matt Williams Jr., SG",MIA,3,3.7,1,0.3,4.4,0.00,0.00
,"Monte Morris, PG",DEN,3,8.3,1,0.3,1.9,7.00,3.00
,"Xavier Munford, PG",MIL,6,3.5,2,0.3,4.6,2.00,0.50
,"Joel Bolomboy, PF",MIL,6,6.3,2,0.3,2.5,0.00,1.00
,"Daniel Hamilton, SG",OKC,6,4.7,2,0.3,3.4,4.00,0.50
,"Georges Niang, SF",UTAH,9,3.6,3,0.3,4.5,1.00,0.67
,"Aaron Harrison, G",DAL,9,25.9,3,0.3,0.6,3.67,3.00
RK,PLAYER,TEAM,GP,MPG,TO,TOPG,TOP48,AST/TO,STL/TO
81,"Bruno Caboclo, SF",SAC/TOR,12,8.9,4,0.3,1.8,1.00,0.75
,"Malcolm Miller, SF",TOR,15,8.4,5,0.3,1.9,0.60,0.20
,"John Holland, G",CLE,24,7.3,8,0.3,2.2,0.63,0.88
,"Tyler Cavanaugh, F",ATL,39,13.3,13,0.3,1.2,2.08,0.69
,"Aaron Brooks, PG",MIN,32,5.9,11,0.3,2.8,1.82,0.55
,"Ante Zizic, PF",CLE,32,6.7,11,0.3,2.5,0.45,0.18
,"DeAndre Liggins, SG",NO/MIL,58,12.5,20,0.3,1.3,2.40,1.85
88,"Derrick Jones Jr., SF",MIA/PHX,20,12.3,7,0.4,1.4,1.29,0.57
,"Travis Wear, SF",LAL,17,13.4,6,0.4,1.3,1.17,0.67
,"Derrick White, PG",SA,17,8.2,6,0.4,2.1,1.50,0.67
RK,PLAYER,TEAM,GP,MPG,TO,TOPG,TOP48,AST/TO,STL/TO
,"Juan Hernangomez, PF",DEN,25,11.1,9,0.4,1.6,1.33,0.67
,"JaKarr Sampson, SF",SAC,22,15.6,8,0.4,1.1,1.13,1.00
,"Guerschon Yabusele, PF",BOS,33,7.1,12,0.4,2.5,1.33,0.33
,"Marshall Plumlee, C",MIL,8,6.5,3,0.4,2.8,0.67,0.00
,"Josh Huestis, SG",OKC,69,14.2,26,0.4,1.3,0.77,0.58
,"Luke Babbitt, SF",ATL/MIA,50,14.3,19,0.4,1.3,1.63,0.42
,"Malachi Richardson, SG",SAC/TOR,26,12.5,10,0.4,1.5,1.30,1.00
,"Damyean Dotson, SG",NY,44,10.8,17,0.4,1.7,1.82,0.71
,"Malik Beasley, SG",DEN,62,9.5,24,0.4,2.0,1.29,0.63
,"Channing Frye, PF",CLE/LAL,53,13.1,21,0.4,1.5,1.81,0.86
RK,PLAYER,TEAM,GP,MPG,TO,TOPG,TOP48,AST/TO,STL/TO
,"Arron Afflalo, SG",ORL,53,12.9,21,0.4,1.5,1.43,0.19
,"Adreian Payne, PF",ORL,5,8.6,2,0.4,2.2,0.00,1.00
,"R.J. Hunter, SG",HOU,5,9.0,2,0.4,2.1,1.50,1.50
,"James Webb III, SF",BKN,10,12.0,4,0.4,1.6,1.00,0.25
,"Antonius Cleveland, SG",ATL/DAL,17,7.2,7,0.4,2.7,0.29,1.00
,"JaVale McGee, C",GS,65,9.5,27,0.4,2.1,1.22,0.78
,"Johnny O'Bryant III, PF",CHA,36,10.5,15,0.4,1.9,0.93,0.60
,"Justin Anderson, SG",PHI,38,13.7,16,0.4,1.5,1.56,0.94
,"Jack Cooley, C",SAC,7,12.4,3,0.4,1.7,2.00,0.33
,"Treveon Graham, SG",CHA,63,16.7,27,0.4,1.2,2.19,1.22
RK,PLAYER,TEAM,GP,MPG,TO,TOPG,TOP48,AST/TO,STL/TO
,"Dwayne Bacon, SF",CHA,53,13.5,23,0.4,1.5,1.65,0.70
,"Jalen Jones, F",NO/DAL,16,11.3,7,0.4,1.9,0.57,0.71
113,"Bobby Brown, PG",HOU,20,5.8,9,0.5,3.8,1.22,0.44
,"Willie Reed, C",DET/LAC,42,10.2,19,0.5,2.1,0.53,0.47
,"Brandon Paul, G",SA,64,9.0,29,0.5,2.4,1.28,0.86
,"Sterling Brown, SG",MIL,54,14.4,25,0.5,1.5,1.00,1.24
,"Nick Collison, F",OKC,15,5.0,7,0.5,4.5,0.57,0.00
,"Kevon Looney, SF",GS,66,13.8,31,0.5,1.6,1.35,1.10
,"Georgios Papagiannis, C",POR/SAC,17,7.2,8,0.5,3.1,1.13,0.50
,"Henry Ellenson, PF",DET,38,8.7,18,0.5,2.6,1.11,0.28
RK,PLAYER,TEAM,GP,MPG,TO,TOPG,TOP48,AST/TO,STL/TO
121,"Davon Reed, SG",PHX,21,11.5,10,0.5,2.0,1.30,1.00
,"Quincy Pondexter, SG",CHI,23,8.5,11,0.5,2.7,0.82,0.73
,"Danuel House Jr., SF",PHX,23,17.5,11,0.5,1.3,2.27,0.64
,"Wesley Iwundu, SF",ORL,62,16.5,30,0.5,1.4,1.90,1.10
,"Jason Smith, PF",WSH,33,8.6,16,0.5,2.7,0.88,0.19
,"Jason Terry, SG",MIL,51,16.0,25,0.5,1.5,2.36,1.68
,"Joe Young, PG",IND,53,10.5,26,0.5,2.2,1.50,0.54
,"PJ Dozier, PG",OKC,2,1.5,1,0.5,16.0,0.00,0.00
,"Markel Brown, SG",HOU,4,7.8,2,0.5,3.1,1.00,0.00
,"Omer Asik, C",NO/CHI,18,10.1,9,0.5,2.4,0.33,0.22
RK,PLAYER,TEAM,GP,MPG,TO,TOPG,TOP48,AST/TO,STL/TO
,"Kadeem Allen, SG",BOS,18,5.9,9,0.5,4.0,1.33,0.33
,"Josh Magette, G",ATL,18,12.0,9,0.5,2.0,6.33,0.89
,"Emeka Okafor, C",NO,26,13.6,13,0.5,1.8,0.62,0.62
,"Khem Birch, C",ORL,42,13.8,21,0.5,1.7,1.62,0.71
,"Torrey Craig, SG",DEN,39,16.1,20,0.5,1.5,1.25,0.60
,"Deyonta Davis, C",MEM,62,15.2,32,0.5,1.6,1.25,0.47
,"Richaun Holmes, PF",PHI,48,15.5,25,0.5,1.6,2.44,0.80
,"Cedi Osman, SF",CLE,61,11.0,32,0.5,2.3,1.28,0.69
,"C.J. Williams, SG",LAC,38,18.6,20,0.5,1.4,2.15,1.55
,"Jamil Wilson, SF",LAC,15,18.3,8,0.5,1.4,1.25,0.63
RK,PLAYER,TEAM,GP,MPG,TO,TOPG,TOP48,AST/TO,STL/TO
,"Andrew White III, SF",ATL,15,13.9,8,0.5,1.8,0.75,0.38
,"Jamel Artis, SG",ORL,15,18.6,8,0.5,1.4,2.25,0.25
,"Cheick Diallo, PF",NO,52,11.2,28,0.5,2.3,0.68,0.39
,"Ryan Arcidiacono, PG",CHI,24,12.7,13,0.5,2.1,2.69,1.00
145,"Zhou Qi, PF",HOU,18,6.9,10,0.6,3.9,0.20,0.20
,"Joakim Noah, C",NY,7,5.7,4,0.6,4.8,1.00,0.50
,"Wade Baldwin IV, PG",POR,7,11.4,4,0.6,2.4,1.25,0.50
,"Noah Vonleh, PF",CHI/POR,54,16.2,31,0.6,1.7,1.10,0.61
,"Antonio Blakeney, SG",CHI,19,16.5,11,0.6,1.7,1.82,0.64
,"Al Jefferson, C",IND,36,13.4,21,0.6,2.1,1.43,0.76
RK,PLAYER,TEAM,GP,MPG,TO,TOPG,TOP48,AST/TO,STL/TO
,"Jared Dudley, SF",PHX,48,14.3,28,0.6,2.0,2.79,0.86
,"Justin Jackson, SF",SAC,68,22.1,40,0.6,1.3,1.85,0.70
,"Vander Blue, SG",LAL,5,9.0,3,0.6,3.2,1.00,0.33
,"Luke Kornet, PF",NY,20,16.4,12,0.6,1.8,2.17,0.50
,"Joffrey Lauvergne, C",SA,55,9.7,33,0.6,3.0,1.24,0.27
,"Ivica Zubac, C",LAL,43,9.5,26,0.6,3.0,0.96,0.31
,"Shane Larkin, PG",BOS,54,14.4,33,0.6,2.0,2.97,0.88
,"Eric Moreland, C",DET,67,12.0,41,0.6,2.4,1.90,0.76
,"Jabari Bird, SG",BOS,13,8.8,8,0.6,3.3,1.00,0.38
,"Ron Baker, SG",NY,29,13.3,18,0.6,2.2,2.61,1.44
RK,PLAYER,TEAM,GP,MPG,TO,TOPG,TOP48,AST/TO,STL/TO
161,"Vince Carter, SG",SAC,58,17.7,36,0.6,1.7,1.92,1.17
,"Rodney Purvis, G",ORL,16,18.1,10,0.6,1.7,1.70,0.30
,"Nik Stauskas, SG",BKN/PHI,41,12.8,26,0.6,2.4,1.50,0.35
,"Ryan Anderson, PF",HOU,66,26.1,42,0.6,1.2,1.43,0.57
,"Salah Mejri, C",DAL,61,12.0,39,0.6,2.6,0.90,0.56
166,"Tyler Dorsey, SG",ATL,56,17.4,37,0.7,1.8,2.14,0.46
,"Tim Quarterman, G",HOU,3,4.3,2,0.7,7.4,0.50,0.00
,"Demetrius Jackson, PG",HOU/PHI,15,5.3,10,0.7,6.0,0.90,0.50
,"Caleb Swanigan, PF",POR,27,7.0,18,0.7,4.6,0.78,0.28
,"Maurice Harkless, SF",POR,59,21.4,40,0.7,1.5,1.33,1.20
RK,PLAYER,TEAM,GP,MPG,TO,TOPG,TOP48,AST/TO,STL/TO
,"Tristan Thompson, C",CLE,53,20.2,36,0.7,1.6,0.92,0.44
,"Tarik Black, PF",HOU,51,10.5,35,0.7,3.1,0.37,0.60
,"Omri Casspi, SF",GS,53,14.0,37,0.7,2.4,1.38,0.49
,"Mirza Teletovic, PF",MIL,10,15.9,7,0.7,2.1,1.43,0.57
,"Tyler Ennis, G",LAL,54,12.6,38,0.7,2.7,2.76,0.79
,"Abdel Nader, SF",BOS,48,10.9,34,0.7,3.1,0.76,0.44
,"Tyler Zeller, C",MIL/BKN,66,16.8,47,0.7,2.0,1.00,0.32
,"Kenneth Faried, PF",DEN,32,14.4,23,0.7,2.4,0.78,0.52
,"Jose Calderon, PG",CLE,57,16.0,41,0.7,2.2,2.85,0.66
,"Patrick McCaw, SG",GS,57,16.9,41,0.7,2.0,1.98,1.05
RK,PLAYER,TEAM,GP,MPG,TO,TOPG,TOP48,AST/TO,STL/TO
,"Willy Hernangomez, C",NY/CHA,48,10.3,35,0.7,3.4,0.94,0.51
,"Nene Hilario, C",HOU,52,14.6,38,0.7,2.4,1.18,0.74
,"Sean Kilpatrick, G",CHI/LAC/MIL/BKN,52,12.3,38,0.7,2.9,1.21,0.34
,"Timothe Luwawu-Cabarrot, SG",PHI,52,15.5,38,0.7,2.3,1.42,0.32
,"Josh Hart, SG",LAL,63,23.2,47,0.7,1.5,1.70,1.00
186,"Jonathan Gibson, G",BOS,4,10.0,3,0.8,3.6,1.33,0.00
,"Omari Johnson, F",MEM,4,18.8,3,0.8,1.9,2.33,0.67
,"Solomon Hill, SF",NO,12,15.6,9,0.8,2.3,2.44,0.78
,"Jahlil Okafor, C",BKN/PHI,28,12.6,21,0.8,2.9,0.57,0.14
,"Kyle Collinsworth, PG",DAL,32,15.0,24,0.8,2.4,2.33,0.71
RK,PLAYER,TEAM,GP,MPG,TO,TOPG,TOP48,AST/TO,STL/TO
,"Gerald Green, SG",HOU,41,22.7,31,0.8,1.6,0.81,0.77
,"Reggie Bullock, SG",DET,62,27.9,47,0.8,1.3,2.02,1.00
,"Andre Roberson, SG",OKC,39,26.6,30,0.8,1.4,1.53,1.50
,"Marreese Speights, PF",ORL,52,13.0,40,0.8,2.8,1.00,0.20
,"Larry Nance Jr., PF",CLE/LAL,66,21.5,51,0.8,1.7,1.61,1.73
,"Trevor Ariza, SF",HOU,67,33.9,52,0.8,1.1,2.02,1.88
,"Nemanja Bjelica, PF",MIN,67,20.5,52,0.8,1.8,1.65,0.96
,"Malik Monk, SG",CHA,63,13.5,49,0.8,2.8,1.86,0.41
,"Jordan Mickey, C",MIA,23,12.3,18,0.8,3.0,0.50,0.33
,"Darrell Arthur, PF",DEN,19,7.4,15,0.8,5.1,0.60,0.53
RK,PLAYER,TEAM,GP,MPG,TO,TOPG,TOP48,AST/TO,STL/TO
201,"Thabo Sefolosha, SF",UTAH,38,21.2,30,0.8,1.8,1.10,1.73
,"Andrew Bogut, C",LAL,24,9.0,19,0.8,4.2,0.79,0.21
,"Mike Muscala, PF",ATL,53,20.0,42,0.8,1.9,1.21,0.74
,"Paul Zipser, F",CHI,54,15.2,43,0.8,2.5,1.07,0.47
,"Royce O'Neale, SF",UTAH,69,16.7,55,0.8,2.3,1.73,0.65
,"Walt Lemon Jr., G",NO,5,7.0,4,0.8,5.5,1.25,0.00
,"Johnathan Motley, PF",DAL,11,16.0,9,0.8,2.5,0.78,0.33
,"Briante Weber, PG",HOU/MEM,18,13.2,15,0.8,3.0,1.47,1.20
209,"Tony Allen, SG",NO,22,12.4,19,0.9,3.3,0.47,0.58
,"Nerlens Noel, C",DAL,30,15.7,26,0.9,2.6,0.77,1.19
RK,PLAYER,TEAM,GP,MPG,TO,TOPG,TOP48,AST/TO,STL/TO
,"Trevor Booker, PF",IND/BKN/PHI,68,17.0,59,0.9,2.4,1.39,0.47
,"Jon Leuer, PF",DET,8,17.0,7,0.9,2.5,0.71,0.14
,"Raul Neto, PG",UTAH,41,12.1,36,0.9,3.5,2.08,0.36
,"Zach Collins, C",POR,66,15.8,58,0.9,2.7,0.90,0.29
,"Isaiah Hicks, PF",NY,18,13.3,16,0.9,3.2,1.00,0.13
,"Daniel Theis, PF",BOS,63,14.8,56,0.9,2.9,1.00,0.54
,"Joe Johnson, SG",HOU/UTAH,55,21.9,49,0.9,2.0,1.69,0.37
,"Jordan Bell, C",GS,57,14.2,51,0.9,3.0,2.00,0.69
,"Troy Williams, F",HOU/NY,21,14.6,19,0.9,3.0,0.84,1.05
,"Jawun Evans, PG",LAC,48,16.2,44,0.9,2.7,2.27,0.82
RK,PLAYER,TEAM,GP,MPG,TO,TOPG,TOP48,AST/TO,STL/TO
,"Boban Marjanovic, C",DET/LAC,39,8.7,36,0.9,5.1,0.61,0.28
,"Damion Lee, SG",ATL,15,26.9,14,0.9,1.7,2.07,1.36
,"Alec Burks, SG",UTAH,64,16.5,60,0.9,2.7,1.12,0.62
224,"Myke Henry, F",MEM,20,18.9,19,1.0,2.4,1.16,1.63
,"Shaquille Harrison, PG",PHX,23,16.7,22,1.0,2.8,2.50,1.18
,"Bam Adebayo, C",MIA,69,19.8,66,1.0,2.3,1.53,0.48
,"Tim Frazier, PG",WSH,59,14.2,57,1.0,3.3,3.40,0.82
,"Quinn Cook, PG",GS,33,22.4,32,1.0,2.1,2.78,0.38
,"Chandler Parsons, SF",MEM,36,19.2,35,1.0,2.4,1.97,0.51
,"Ivan Rabb, PF",MEM,36,14.3,35,1.0,3.3,0.91,0.34
RK,PLAYER,TEAM,GP,MPG,TO,TOPG,TOP48,AST/TO,STL/TO
,"Cristiano Felicio, C",CHI,55,17.8,54,1.0,2.7,1.02,0.30
,"Kendrick Perkins, C",CLE,1,15.0,1,1.0,3.2,2.00,1.00
,"Luol Deng, SF",LAL,1,13.0,1,1.0,3.7,1.00,1.00
,"Jeremy Evans, F",ATL,1,5.0,1,1.0,9.6,0.00,0.00
,"Aaron Jackson, PG",HOU,1,35.0,1,1.0,1.4,1.00,0.00
,"Scotty Hopson, SG",DAL,1,8.0,1,1.0,6.0,1.00,0.00
,"Luis Montero, SG",DET,2,4.0,2,1.0,12.0,0.00,0.00
,"Marquis Teague, G",MEM,3,24.7,3,1.0,1.9,4.33,1.33
,"Jordan Crawford, SG",NO,5,10.6,5,1.0,4.5,2.60,0.20
,"Jaylen Morris, G",ATL,6,16.3,6,1.0,2.9,1.17,0.33
RK,PLAYER,TEAM,GP,MPG,TO,TOPG,TOP48,AST/TO,STL/TO
241,"Kay Felder, PG",CHI/DET,16,8.8,16,1.0,5.5,1.25,0.19
,"Dorian Finney-Smith, SF",DAL,21,21.3,21,1.0,2.3,1.24,0.48
,"Jonathan Isaac, PF",ORL,27,19.8,27,1.0,2.4,0.67,1.22
,"Cody Zeller, C",CHA,33,19.0,33,1.0,2.5,0.94,0.42
,"Michael Carter-Williams, PG",CHA,52,16.1,52,1.0,3.0,2.23,0.85
,"Zaza Pachulia, C",GS,69,14.1,72,1.0,3.6,1.51,0.53
,"Ersan Ilyasova, PF",ATL/PHI,69,25.1,72,1.0,2.0,1.25,0.85
,"Andre Iguodala, SF",GS,64,25.4,67,1.0,2.0,3.13,0.81
249,"Timofey Mozgov, C",BKN,31,11.6,33,1.1,4.4,0.33,0.15
,"Ramon Sessions, PG",NY/WSH,28,14.0,30,1.1,3.7,2.57,0.47
RK,PLAYER,TEAM,GP,MPG,TO,TOPG,TOP48,AST/TO,STL/TO
,"Ben McLemore, SG",MEM,56,19.5,61,1.1,2.7,0.84,0.62
,"Luc Mbah a Moute, PF",HOU,61,25.6,68,1.1,2.1,0.81,1.06
,"Stanley Johnson, SF",DET,69,27.4,77,1.1,2.0,1.45,1.23
,"Nikola Mirotic, PF",NO/CHI,55,27.2,62,1.1,2.0,1.29,0.71
,"Alex Len, C",PHX,69,20.2,78,1.1,2.7,1.05,0.35
,"Delon Wright, PG",TOR,69,20.8,78,1.1,2.6,2.56,0.92
,"Justise Winslow, SF",MIA,68,24.7,77,1.1,2.2,1.92,0.70
,"Alex Caruso, SG",LAL,37,15.2,42,1.1,3.6,1.79,0.55
,"Iman Shumpert, SG",CLE,14,19.7,16,1.1,2.8,1.06,0.56
,"Al-Farouq Aminu, PF",POR,69,30.0,79,1.1,1.8,1.06,1.00
RK,PLAYER,TEAM,GP,MPG,TO,TOPG,TOP48,AST/TO,STL/TO
,"Miles Plumlee, C",ATL,55,16.7,63,1.1,3.3,0.71,0.27
262,"Rodney Hood, SG",CLE/UTAH,60,26.9,70,1.2,2.1,1.36,0.64
,"Jerryd Bayless, PG",PHI,39,23.7,46,1.2,2.4,1.17,0.50
,"Trey Burke, PG",NY,36,21.8,43,1.2,2.6,3.95,0.56
,"Marcus Morris, PF",BOS,54,26.7,65,1.2,2.2,1.11,0.54
,"Terrence Ross, SG",ORL,24,25.0,29,1.2,2.3,1.31,0.93
,"Markelle Fultz, PG",PHI,14,18.1,17,1.2,3.2,3.12,0.71
,"Garrett Temple, SF",SAC,65,24.8,79,1.2,2.3,1.57,0.72
,"Skal Labissiere, PF",SAC,60,20.7,73,1.2,2.8,0.99,0.34
,"Lauri Markkanen, PF",CHI,68,29.7,83,1.2,2.0,0.95,0.47
RK,PLAYER,TEAM,GP,MPG,TO,TOPG,TOP48,AST/TO,STL/TO
,"Malcolm Delaney, PG",ATL,54,18.8,66,1.2,3.1,2.47,0.53
,"Tony Parker, PG",SA,55,19.5,68,1.2,3.0,2.87,0.41
,"Danilo Gallinari, SF",LAC,21,32.0,26,1.2,1.9,1.58,0.50
,"Darren Collison, PG",IND,69,29.2,86,1.2,2.0,4.28,1.07
275,"Frank Mason III, PG",SAC,52,18.9,65,1.3,3.2,2.26,0.52
,"Isaiah Taylor, G",ATL,67,17.4,84,1.3,3.5,2.45,0.40
,"Tyson Chandler, C",PHX,46,25.0,59,1.3,2.5,0.90,0.27
,"Brandon Jennings, G",MIL,14,14.6,18,1.3,4.2,2.44,0.33
,"Matthew Dellavedova, PG",MIL,38,18.7,49,1.3,3.3,2.96,0.29
,"Shelvin Mack, G",ORL,69,19.8,89,1.3,3.1,3.06,0.61
RK,PLAYER,TEAM,GP,MPG,TO,TOPG,TOP48,AST/TO,STL/TO
281,"TJ Warren, SF",PHX,65,33.0,84,1.3,1.9,1.01,0.77
,"George Hill, PG",CLE/SAC,67,27.0,88,1.3,2.3,2.11,0.69
,"Wesley Matthews, SG",DAL,63,33.8,83,1.3,1.9,2.07,0.92
,"Jameer Nelson, PG",NO/DET,50,20.3,67,1.3,3.2,2.67,0.40
,"Dwight Buycks, G",DET,29,14.7,39,1.3,4.4,1.51,0.49
286,"Mike James, PG",NO/PHX,36,19.1,49,1.4,3.4,2.57,0.57
,"Rudy Gay, SF",SA,57,21.6,78,1.4,3.0,0.94,0.59
,"Kobi Simmons, PG",MEM,32,20.1,44,1.4,3.3,1.55,0.41
,"Malcolm Brogdon, PG",MIL,48,29.9,66,1.4,2.2,2.30,0.62
,"JaMychal Green, PF",MEM,55,28.0,76,1.4,2.4,1.04,0.42
RK,PLAYER,TEAM,GP,MPG,TO,TOPG,TOP48,AST/TO,STL/TO
,"Dewayne Dedmon, C",ATL,62,24.9,86,1.4,2.7,1.05,0.47
,"Alan Williams, C",PHX,5,14.0,7,1.4,4.8,1.14,0.71
,"Josh Gray, PG",PHX,5,17.2,7,1.4,3.9,1.71,1.14
,"Derrick Rose, PG",CLE/MIN,25,16.8,35,1.4,4.0,1.06,0.20
,"Dante Exum, PG",UTAH,14,16.8,20,1.4,4.1,2.15,0.40
,"Cameron Payne, PG",CHI,25,23.3,36,1.4,3.0,3.14,0.72
,"Andrew Harrison, SG",MEM,56,23.7,81,1.4,2.9,2.19,0.47
298,"Isaiah Canaan, PG",HOU/PHX,20,21.1,29,1.5,3.3,2.62,0.55
,"Jabari Parker, PF",MIL,31,24.0,45,1.5,2.9,1.31,0.56
,"Myles Turner, C",IND,65,28.2,96,1.5,2.5,0.91,0.40
RK,PLAYER,TEAM,GP,MPG,TO,TOPG,TOP48,AST/TO,STL/TO
,"Andre Ingram, SG",LAL,2,32.0,3,1.5,2.3,2.33,1.00
,"Mike Conley, PG",MEM,12,31.1,18,1.5,2.3,2.72,0.67
,"Isaiah Whitehead, G",BKN,16,11.3,24,1.5,6.4,0.83,0.33
,"Kevin Love, C",CLE,59,28.0,90,1.5,2.6,1.14,0.48
,"Tyrone Wallace, SG",LAC,30,28.4,46,1.5,2.6,1.54,0.59
,"Wayne Selden, SG",MEM,35,19.7,54,1.5,3.8,1.22,0.33
307,"Tim Hardaway Jr., SF",NY,57,33.1,92,1.6,2.3,1.68,0.67
,"Manu Ginobili, SG",SA,65,20.0,105,1.6,3.9,1.55,0.41
309,"Evan Fournier, SG",ORL,57,32.2,95,1.7,2.5,1.74,0.49
,"Robin Lopez, C",CHI,64,26.4,107,1.7,3.0,1.16,0.13
RK,PLAYER,TEAM,GP,MPG,TO,TOPG,TOP48,AST/TO,STL/TO
,"Hassan Whiteside, C",MIA,54,25.3,92,1.7,3.2,0.59,0.40
312,"Emmanuel Mudiay, PG",DEN/NY,64,19.4,113,1.8,4.4,1.82,0.36
,"Mario Chalmers, PG",MEM,66,21.5,117,1.8,4.0,1.68,0.68
,"Gary Harris, SG",DEN,67,34.4,119,1.8,2.5,1.63,1.03
,"Kawhi Leonard, SF",SA,9,23.3,16,1.8,3.7,1.31,1.13
,"Rondae Hollis-Jefferson, SF",BKN,68,28.3,121,1.8,3.0,1.38,0.54
,"Austin Rivers, PG",LAC,61,33.7,109,1.8,2.5,2.22,0.68
,"Zach LaVine, PG",CHI,24,27.3,43,1.8,3.1,1.67,0.56
,"DeAndre' Bembry, SF",ATL,26,17.5,47,1.8,5.0,1.04,0.45
,"Jimmy Butler, SG",MIN,59,36.7,108,1.8,2.4,2.67,1.07
RK,PLAYER,TEAM,GP,MPG,TO,TOPG,TOP48,AST/TO,STL/TO
321,"Greg Monroe, C",BOS/MIL/PHX,51,20.4,94,1.8,4.3,1.21,0.47
,"Aaron Gordon, PF",ORL,58,32.9,107,1.8,2.7,1.27,0.55
323,"Jarrett Jack, PG",NY,62,25.0,115,1.9,3.6,3.03,0.30
,"Eric Gordon, SG",HOU,69,31.2,130,1.9,2.9,1.18,0.34
,"Rudy Gobert, C",UTAH,56,32.4,107,1.9,2.8,0.75,0.41
,"Nikola Vucevic, C",ORL,57,29.5,109,1.9,3.1,1.75,0.51
,"Paul Millsap, PF",DEN,38,30.1,73,1.9,3.1,1.44,0.53
,"Kristaps Porzingis, PF",NY,48,32.4,93,1.9,2.9,0.61,0.39
329,"Zach Randolph, PF",SAC,59,25.6,116,2.0,3.7,1.09,0.36
,"Nicolas Batum, SG",CHA,64,31.0,131,2.0,3.2,2.66,0.50
RK,PLAYER,TEAM,GP,MPG,TO,TOPG,TOP48,AST/TO,STL/TO
331,"J.J. Barea, PG",DAL,69,23.2,143,2.1,4.3,3.03,0.24
,"Dwyane Wade, SG",CLE/MIA,67,22.9,140,2.1,4.4,1.63,0.44
,"Jonathon Simmons, SF",ORL,69,29.4,146,2.1,3.5,1.17,0.40
,"Jamal Murray, PG",DEN,81,31.7,172,2.1,3.2,1.59,0.46
335,"Milos Teodosic, PG",LAC,45,25.2,97,2.2,4.1,2.15,0.24
,"Anthony Davis, PF",NO,75,36.4,162,2.2,2.9,1.07,0.71
,"DeMar DeRozan, SG",TOR,80,33.9,175,2.2,3.1,2.38,0.49
,"Avery Bradley, SG",DET/LAC,46,31.2,101,2.2,3.4,0.93,0.50
,"Xavier Rathan-Mayes, SG",MEM,5,23.6,11,2.2,4.5,1.64,0.55
,"Reggie Jackson, PG",DET,45,26.7,99,2.2,4.0,2.40,0.27
RK,PLAYER,TEAM,GP,MPG,TO,TOPG,TOP48,AST/TO,STL/TO
,"Chris Paul, PG",HOU,58,31.8,128,2.2,3.3,3.57,0.75
,"Goran Dragic, PG",MIA,75,31.7,166,2.2,3.4,2.16,0.38
,"Kemba Walker, PG",CHA,80,34.2,179,2.2,3.1,2.48,0.51
344,"Tyreke Evans, SG",MEM,52,30.9,117,2.3,3.5,2.30,0.49
,"Patrick Beverley, PG",LAC,11,30.4,25,2.3,3.6,1.28,0.76
,"MarShon Brooks, SG",MEM,7,27.6,16,2.3,4.0,1.56,0.69
,"Jusuf Nurkic, C",POR,79,26.4,183,2.3,4.2,0.78,0.35
,"Rajon Rondo, PG",NO,65,26.2,151,2.3,4.3,3.53,0.46
,"Khris Middleton, SF",MIL,82,36.4,191,2.3,3.1,1.72,0.62
,"Taurean Prince, SF",ATL,82,30.0,191,2.3,3.7,1.12,0.45
RK,PLAYER,TEAM,GP,MPG,TO,TOPG,TOP48,AST/TO,STL/TO
,"Dion Waiters, SG",MIA,30,30.6,70,2.3,3.7,1.61,0.33
,"Kyrie Irving, PG",BOS,60,32.2,140,2.3,3.5,2.19,0.46
,"Kyle Lowry, PG",TOR,78,32.2,183,2.3,3.5,2.93,0.46
354,"De'Aaron Fox, PG",SAC,73,27.8,173,2.4,4.1,1.85,0.40
,"Marcus Smart, PG",BOS,54,29.9,129,2.4,3.8,2.01,0.55
,"Kent Bazemore, SG",ATL,65,27.5,157,2.4,4.2,1.45,0.64
357,"Brandon Ingram, SF",LAL,59,33.5,149,2.5,3.6,1.54,0.30
,"Jeff Teague, PG",MIN,70,33.0,177,2.5,3.7,2.78,0.58
359,"Andre Drummond, C",DET,78,33.7,200,2.6,3.7,1.19,0.57
,"Dwight Howard, C",CHA,81,30.4,208,2.6,4.1,0.50,0.23
RK,PLAYER,TEAM,GP,MPG,TO,TOPG,TOP48,AST/TO,STL/TO
361,"Julius Randle, PF",LAL,82,26.7,213,2.6,4.7,0.99,0.20
,"Bradley Beal, SG",WSH,82,36.3,214,2.6,3.5,1.74,0.45
,"Lonzo Ball, PG",LAL,52,34.2,136,2.6,3.7,2.76,0.65
,"Jrue Holiday, PG",NO,81,36.1,213,2.6,3.5,2.28,0.58
365,"Marc Gasol, C",MEM,73,33.0,194,2.7,3.9,1.57,0.28
,"Elfrid Payton, PG",ORL/PHX,63,28.7,168,2.7,4.5,2.34,0.49
,"Paul George, SF",OKC,79,36.6,212,2.7,3.5,1.24,0.76
,"Ricky Rubio, PG",UTAH,77,29.3,207,2.7,4.4,1.98,0.58
,"Donovan Mitchell, SG",UTAH,79,33.4,215,2.7,3.9,1.35,0.55
,"Dennis Schroder, PG",ATL,67,31.0,183,2.7,4.2,2.28,0.39
RK,PLAYER,TEAM,GP,MPG,TO,TOPG,TOP48,AST/TO,STL/TO
371,"Nikola Jokic, C",DEN,75,32.5,210,2.8,4.1,2.18,0.43
,"Dennis Smith Jr., PG",DAL,69,29.7,194,2.8,4.5,1.85,0.37
,"Damian Lillard, PG",POR,73,36.6,206,2.8,3.7,2.33,0.37
,"Blake Griffin, PF",DET/LAC,58,34.0,165,2.8,4.0,2.02,0.24
375,"Kris Dunn, PG",CHI,52,29.3,150,2.9,4.7,2.07,0.69
,"Draymond Green, PF",GS,70,32.7,202,2.9,4.2,2.51,0.47
,"Eric Bledsoe, PG",MIL/PHX,74,31.4,216,2.9,4.5,1.71,0.69
,"Victor Oladipo, SG",IND,75,34.0,219,2.9,4.1,1.47,0.81
379,"Lou Williams, SG",LAC,79,32.8,234,3.0,4.3,1.78,0.36
,"Isaiah Thomas, PG",CLE/LAL,32,26.9,95,3.0,5.3,1.61,0.16
RK,PLAYER,TEAM,GP,MPG,TO,TOPG,TOP48,AST/TO,STL/TO
,"Giannis Antetokounmpo, PF",MIL,75,36.7,223,3.0,3.9,1.62,0.49
,"Jeremy Lin, PG",BKN,1,25.0,3,3.0,5.8,1.33,0.00
,"Chinanu Onuaku, C",HOU,1,22.0,3,3.0,6.5,0.33,0.00
,"Stephen Curry, PG",GS,51,32.0,153,3.0,4.5,2.03,0.52
,"Kevin Durant, SF",GS,68,34.2,207,3.0,4.3,1.77,0.24
386,"D'Angelo Russell, PG",BKN,48,25.7,147,3.1,5.7,1.69,0.24
387,"Ben Simmons, PG",PHI,81,33.7,278,3.4,4.9,2.38,0.50
388,"Devin Booker, SG",PHX,54,34.5,194,3.6,5.0,1.30,0.24
389,"Joel Embiid, C",PHI,63,30.3,234,3.7,5.9,0.85,0.17
390,"John Wall, PG",WSH,41,34.4,158,3.9,5.4,2.49,0.36
RK,PLAYER,TEAM,GP,MPG,TO,TOPG,TOP48,AST/TO,STL/TO
391,"LeBron James, SF",CLE,82,36.9,347,4.2,5.5,2.15,0.33
392,"James Harden, PG",HOU,72,35.4,315,4.4,5.9,2.00,0.40
393,"Russell Westbrook, PG",OKC,80,36.4,381,4.8,6.3,2.15,0.39
394,"DeMarcus Cousins, C",NO,48,36.2,242,5.0,6.7,1.06,0.33
